<?xml version="1.0"?>
<doc>
    <assembly>
        <name>Analyzer.BicepProcessor</name>
    </assembly>
    <members>
        <member name="T:Microsoft.Azure.Templates.Analyzer.BicepProcessor.BicepMetadata">
            <summary>
            Helper class containing metadata from Bicep compilation necessary for later analysis
            </summary>
        </member>
        <member name="F:Microsoft.Azure.Templates.Analyzer.BicepProcessor.BicepMetadata.ModuleInfo">
            <summary>
            Contains metadata for modules in source file
            </summary>
        </member>
        <member name="F:Microsoft.Azure.Templates.Analyzer.BicepProcessor.BicepMetadata.SourceMap">
            <summary>
            Maps line numbers from resultant compiled ARM template back to original Bicep source files
            </summary>
        </member>
        <member name="T:Microsoft.Azure.Templates.Analyzer.BicepProcessor.SourceFileModuleInfo">
            <summary>
            Helper class to contain information for all modules in each source file
            </summary>
        </member>
        <member name="F:Microsoft.Azure.Templates.Analyzer.BicepProcessor.SourceFileModuleInfo.FileName">
            <summary>
            File path of source file
            </summary>
        </member>
        <member name="F:Microsoft.Azure.Templates.Analyzer.BicepProcessor.SourceFileModuleInfo.Modules">
            <summary>
            Dictionary mapping line numbers containing module references in source file to file path of referenced modules
            </summary>
        </member>
        <member name="M:Microsoft.Azure.Templates.Analyzer.BicepProcessor.SourceFileModuleInfo.#ctor(System.String,System.Collections.Generic.Dictionary{System.Int32,System.String})">
            <summary>
            Create instance of SourceFileModuleInfo
            </summary>
            <param name="fileName">File path of source file</param>
            <param name="modules">Dictionary of modules in source file</param>
        </member>
        <member name="M:Microsoft.Azure.Templates.Analyzer.BicepProcessor.SourceFileModuleInfo.Equals(System.Object)">
            <inheritdoc/>
        </member>
        <member name="M:Microsoft.Azure.Templates.Analyzer.BicepProcessor.SourceFileModuleInfo.Equals(Microsoft.Azure.Templates.Analyzer.BicepProcessor.SourceFileModuleInfo)">
            <inheritdoc/>
        </member>
        <member name="M:Microsoft.Azure.Templates.Analyzer.BicepProcessor.SourceFileModuleInfo.GetHashCode">
            <inheritdoc/>
        </member>
        <member name="T:Microsoft.Azure.Templates.Analyzer.BicepProcessor.BicepSourceLocationResolver">
            <summary>
            An <see cref="T:Microsoft.Azure.Templates.Analyzer.Utilities.ISourceLocationResolver"/> used for resolving line numbers from a compiled JSON template to the original Bicep template.
            </summary>
        </member>
        <member name="M:Microsoft.Azure.Templates.Analyzer.BicepProcessor.BicepSourceLocationResolver.#ctor(Microsoft.Azure.Templates.Analyzer.Types.TemplateContext)">
            <summary>
            Create a new instance with the given <see cref="T:Microsoft.Azure.Templates.Analyzer.Types.TemplateContext"/>.
            </summary>
            <param name="templateContext">The template context to map JSON paths against.</param>
        </member>
        <member name="M:Microsoft.Azure.Templates.Analyzer.BicepProcessor.BicepSourceLocationResolver.ResolveSourceLocation(System.String)">
            <summary>
            Given a JSON path in an expanded JSON template from a compiled Bicep file, find the equivalent line number
            in the original Bicep template.
            </summary>
            <param name="pathInExpandedTemplate">The path in the expanded template
            to find the line number of in the original template.</param>
            <returns>The line number of the equivalent location in the original template,
            or 1 if it can't be determined.</returns>
        </member>
        <member name="T:Microsoft.Azure.Templates.Analyzer.BicepProcessor.BicepTemplateProcessor">
            <summary>
            Contains functionality to process Bicep templates.
            </summary>
        </member>
        <member name="M:Microsoft.Azure.Templates.Analyzer.BicepProcessor.BicepTemplateProcessor.ConvertBicepToJson(System.String)">
            <summary>
            Converts Bicep template into JSON template and returns it as a string and its source map
            </summary>
            <param name="bicepPath">The Bicep template file path.</param>
            <returns>The compiled template as a <c>JSON</c> string and its source map.</returns>
        </member>
        <member name="T:Microsoft.Azure.Templates.Analyzer.BicepProcessor.SourceMapFeatureProvider">
            <summary>
            Helper class that enables source mapping feature in Bicep.Core
            </summary>
        </member>
        <member name="M:Microsoft.Azure.Templates.Analyzer.BicepProcessor.SourceMapFeatureProvider.#ctor(Bicep.Core.Features.IFeatureProvider)">
            <inheritdoc/>
        </member>
        <member name="P:Microsoft.Azure.Templates.Analyzer.BicepProcessor.SourceMapFeatureProvider.AssemblyVersion">
            <inheritdoc/>
        </member>
        <member name="P:Microsoft.Azure.Templates.Analyzer.BicepProcessor.SourceMapFeatureProvider.CacheRootDirectory">
            <inheritdoc/>
        </member>
        <member name="P:Microsoft.Azure.Templates.Analyzer.BicepProcessor.SourceMapFeatureProvider.RegistryEnabled">
            <inheritdoc/>
        </member>
        <member name="P:Microsoft.Azure.Templates.Analyzer.BicepProcessor.SourceMapFeatureProvider.SymbolicNameCodegenEnabled">
            <inheritdoc/>
        </member>
        <member name="P:Microsoft.Azure.Templates.Analyzer.BicepProcessor.SourceMapFeatureProvider.ExtensibilityEnabled">
            <inheritdoc/>
        </member>
        <member name="P:Microsoft.Azure.Templates.Analyzer.BicepProcessor.SourceMapFeatureProvider.ResourceTypedParamsAndOutputsEnabled">
            <inheritdoc/>
        </member>
        <member name="P:Microsoft.Azure.Templates.Analyzer.BicepProcessor.SourceMapFeatureProvider.SourceMappingEnabled">
            <inheritdoc/>
        </member>
        <member name="P:Microsoft.Azure.Templates.Analyzer.BicepProcessor.SourceMapFeatureProvider.ParamsFilesEnabled">
            <inheritdoc/>
        </member>
        <member name="P:Microsoft.Azure.Templates.Analyzer.BicepProcessor.SourceMapFeatureProvider.UserDefinedTypesEnabled">
            <inheritdoc/>
        </member>
    </members>
</doc>
