<?xml version="1.0"?>
<doc>
    <assembly>
        <name>Microsoft.Azure.Templates.Analyzer.Types</name>
    </assembly>
    <members>
        <member name="T:Microsoft.Azure.Templates.Analyzer.Types.ConfigurationDefinition">
            <summary>
            Represents a configuration file written in JSON.
            </summary>
        </member>
        <member name="P:Microsoft.Azure.Templates.Analyzer.Types.ConfigurationDefinition.ExclusionsConfigurationDefinition">
            <summary>
            Gets or sets the exclusion details of the configuration.
            </summary>
        </member>
        <member name="P:Microsoft.Azure.Templates.Analyzer.Types.ConfigurationDefinition.InclusionsConfigurationDefinition">
            <summary>
            Gets or sets the inclusion details of the configuration.
            </summary>
        </member>
        <member name="P:Microsoft.Azure.Templates.Analyzer.Types.ConfigurationDefinition.SeverityOverrides">
            <summary>
            Gets or sets the SeverityOverrides property of the configuration.
            </summary>
        </member>
        <member name="T:Microsoft.Azure.Templates.Analyzer.Types.ExclusionsConfigurationDefinition">
            <summary>
            The exclusions defined in a <see cref="T:Microsoft.Azure.Templates.Analyzer.Types.ConfigurationDefinition"/>.
            </summary>
        </member>
        <member name="P:Microsoft.Azure.Templates.Analyzer.Types.ExclusionsConfigurationDefinition.Severity">
            <summary>
            Gets or sets the Severity property.
            </summary>
        </member>
        <member name="P:Microsoft.Azure.Templates.Analyzer.Types.ExclusionsConfigurationDefinition.Ids">
            <summary>
            Gets or sets the Ids property.
            </summary>
        </member>
        <member name="T:Microsoft.Azure.Templates.Analyzer.Types.IEvaluation">
            <summary>
            Describes the evaluation of a TemplateAnalyzer rule against an ARM template
            </summary>
        </member>
        <member name="P:Microsoft.Azure.Templates.Analyzer.Types.IEvaluation.RuleId">
            <summary>
            Gets the id of the rule this evaluation is for.
            </summary>
        </member>
        <member name="P:Microsoft.Azure.Templates.Analyzer.Types.IEvaluation.RuleName">
            <summary>
            Gets the name of the rule this evaluation is for.
            </summary>
        </member>
        <member name="P:Microsoft.Azure.Templates.Analyzer.Types.IEvaluation.RuleShortDescription">
            <summary>
            Gets the short description of the rule this evaluation is for.
            </summary>
        </member>
        <member name="P:Microsoft.Azure.Templates.Analyzer.Types.IEvaluation.RuleFullDescription">
            <summary>
            Gets the full description of the rule this evaluation is for.
            </summary>
        </member>
        <member name="P:Microsoft.Azure.Templates.Analyzer.Types.IEvaluation.Recommendation">
            <summary>
            Gets the recommendation for addressing this evaluation.
            </summary>
        </member>
        <member name="P:Microsoft.Azure.Templates.Analyzer.Types.IEvaluation.HelpUri">
            <summary>
            Gets the Uri where help for this evaluation can be found.
            </summary>
        </member>
        <member name="P:Microsoft.Azure.Templates.Analyzer.Types.IEvaluation.Severity">
            <summary>
            Gets the Severity of the rule this evaluation is for.
            </summary>
        </member>
        <member name="P:Microsoft.Azure.Templates.Analyzer.Types.IEvaluation.FileIdentifier">
            <summary>
            Gets the identifier of the file this evaluation is for.
            </summary>
        </member>
        <member name="P:Microsoft.Azure.Templates.Analyzer.Types.IEvaluation.Passed">
            <summary>
            Gets a value indicating whether or not the rule for this evaluation passed.
            </summary>
        </member>
        <member name="P:Microsoft.Azure.Templates.Analyzer.Types.IEvaluation.Evaluations">
            <summary>
            Gets the collections of evaluations from this evaluation.
            </summary>
        </member>
        <member name="P:Microsoft.Azure.Templates.Analyzer.Types.IEvaluation.Result">
            <summary>
            Gets the collections of results from this evaluation.
            </summary>
        </member>
        <member name="P:Microsoft.Azure.Templates.Analyzer.Types.IEvaluation.HasResults">
            <summary>
            Gets whether this evaluation has corresponding results.
            </summary>
            <returns>Whether this evaluation has corresponding results</returns>
        </member>
        <member name="T:Microsoft.Azure.Templates.Analyzer.Types.IEvaluationExtensions">
            <summary>
            Extension methods for IEvaluation interface
            </summary>
        </member>
        <member name="M:Microsoft.Azure.Templates.Analyzer.Types.IEvaluationExtensions.GetFailedResults(Microsoft.Azure.Templates.Analyzer.Types.IEvaluation,System.Collections.Generic.List{Microsoft.Azure.Templates.Analyzer.Types.Result})">
            <summary>
            Gets all failed results in an evaluation and returns in a flattened list
            </summary>
            <param name="evaluation">The evaluation to get results from</param>
            <param name="failedResults">Accumulator used inrecursive calls</param>
            <returns>A list of failed results</returns>
        </member>
        <member name="T:Microsoft.Azure.Templates.Analyzer.Types.IJsonPathResolver">
            <summary>
            An interface for working with a JSON scope.
            </summary>
        </member>
        <member name="P:Microsoft.Azure.Templates.Analyzer.Types.IJsonPathResolver.JToken">
            <summary>
            Gets the JToken of the resolver's scope.
            </summary>
        </member>
        <member name="P:Microsoft.Azure.Templates.Analyzer.Types.IJsonPathResolver.Path">
            <summary>
            Gets the JSON path of the resolver's current scope.
            </summary>
        </member>
        <member name="M:Microsoft.Azure.Templates.Analyzer.Types.IJsonPathResolver.Resolve(System.String)">
            <summary>
            Retrieves the JToken(s) of the current scope at the specified path.
            </summary>
            <param name="jsonPath">JSON path to follow.</param>
            <returns>The JToken(s) at the path.</returns>
        </member>
        <member name="M:Microsoft.Azure.Templates.Analyzer.Types.IJsonPathResolver.ResolveResourceType(System.String)">
            <summary>
            Retrieves the JTokens for resources of the specified type
            in a "resources" property array at the current scope.
            </summary>
            <param name="resourceType">The type of resource to find.</param>
            <returns>An enumerable of resolvers with a scope of a resource of the specified type.</returns>
        </member>
        <member name="T:Microsoft.Azure.Templates.Analyzer.Types.InclusionsConfigurationDefinition">
            <summary>
            The inclusions defined in a <see cref="T:Microsoft.Azure.Templates.Analyzer.Types.ConfigurationDefinition"/>.
            </summary>
        </member>
        <member name="P:Microsoft.Azure.Templates.Analyzer.Types.InclusionsConfigurationDefinition.Severity">
            <summary>
            Gets or sets the Severity property.
            </summary>
        </member>
        <member name="P:Microsoft.Azure.Templates.Analyzer.Types.InclusionsConfigurationDefinition.Ids">
            <summary>
            Gets or sets the Ids property.
            </summary>
        </member>
        <member name="T:Microsoft.Azure.Templates.Analyzer.Types.IRuleEngine">
            <summary>
            Interface for the TemplateAnalyzer rule engine
            </summary>
        </member>
        <member name="M:Microsoft.Azure.Templates.Analyzer.Types.IRuleEngine.AnalyzeTemplate(Microsoft.Azure.Templates.Analyzer.Types.TemplateContext)">
            <summary>
            Analyzes a template using the rules this <see cref="T:Microsoft.Azure.Templates.Analyzer.Types.IRuleEngine"/> supports.
            </summary>
            <param name="templateContext">The template context to analyze.</param>
            <returns>The <see cref="T:Microsoft.Azure.Templates.Analyzer.Types.IEvaluation"/>s of this engine's rules against the template.</returns>
        </member>
        <member name="T:Microsoft.Azure.Templates.Analyzer.Types.Result">
            <summary>
            Describes the result of a TemplateAnalyzer rule against an ARM or Bicep template.
            </summary>
        </member>
        <member name="P:Microsoft.Azure.Templates.Analyzer.Types.Result.Passed">
            <summary>
            Gets a value indicating whether or not the rule for this result passed.
            </summary>
        </member>
        <member name="P:Microsoft.Azure.Templates.Analyzer.Types.Result.SourceLocation">
            <summary>
            Gets the source location where the rule was evaluated.
            </summary>
        </member>
        <member name="P:Microsoft.Azure.Templates.Analyzer.Types.Result.JsonPath">
            <summary>
            Gets or sets the JSON path to the location in the JSON where the rule was evaluated.
            </summary>
        </member>
        <member name="P:Microsoft.Azure.Templates.Analyzer.Types.Result.Expression">
            <summary>
            Gets the expression object associated with this result.
            </summary>
        </member>
        <member name="M:Microsoft.Azure.Templates.Analyzer.Types.Result.#ctor(System.Boolean,Microsoft.Azure.Templates.Analyzer.Types.SourceLocation,System.String,System.Object)">
            <summary>
            Creates a <see cref="T:Microsoft.Azure.Templates.Analyzer.Types.Result"/> that represents a result obtained from a rule.
            </summary>
            <param name="passed">Whether or not the rule for this result passed.</param>
            <param name="sourceLocation">The source location where the rule was evaluated.</param>
            <param name="jsonPath">The JSON path to the location in the JSON where the rule was evaluated.</param>
            <param name="expression">The expression associated with this result.</param>
        </member>
        <member name="M:Microsoft.Azure.Templates.Analyzer.Types.Result.Equals(Microsoft.Azure.Templates.Analyzer.Types.Result)">
            <inheritdoc/>
        </member>
        <member name="M:Microsoft.Azure.Templates.Analyzer.Types.Result.Equals(System.Object)">
            <inheritdoc/>
        </member>
        <member name="M:Microsoft.Azure.Templates.Analyzer.Types.Result.GetHashCode">
            <inheritdoc/>
        </member>
        <member name="T:Microsoft.Azure.Templates.Analyzer.Types.Severity">
            <summary> 
            The severity of a rule. 
            </summary> 
        </member>
        <member name="F:Microsoft.Azure.Templates.Analyzer.Types.Severity.High">
            <summary> 
            Severity High = 1 
            </summary> 
        </member>
        <member name="F:Microsoft.Azure.Templates.Analyzer.Types.Severity.Medium">
            <summary> 
            Severity Medium = 2 
            </summary> 
        </member>
        <member name="F:Microsoft.Azure.Templates.Analyzer.Types.Severity.Low">
            <summary> 
            Severity Low = 3 
            </summary> 
        </member>
        <member name="T:Microsoft.Azure.Templates.Analyzer.Types.SourceLocation">
            <summary>
            Represents a location in a source file
            </summary>
        </member>
        <member name="F:Microsoft.Azure.Templates.Analyzer.Types.SourceLocation.FilePath">
            <summary>
            The file path of the source file
            </summary>
        </member>
        <member name="F:Microsoft.Azure.Templates.Analyzer.Types.SourceLocation.LineNumber">
            <summary>
            The line number in the soruce file
            </summary>
        </member>
        <member name="M:Microsoft.Azure.Templates.Analyzer.Types.SourceLocation.#ctor(System.String,System.Int32)">
            <summary>
            Instantiate instance of SourceLocation
            </summary>
            <param name="filePath">File path of the source location</param>
            <param name="lineNumber">Line number of source location</param>
        </member>
        <member name="M:Microsoft.Azure.Templates.Analyzer.Types.SourceLocation.Equals(System.Object)">
            <summary>
            Compare with object for equality
            </summary>
            <param name="obj"></param>
            <returns></returns>
        </member>
        <member name="M:Microsoft.Azure.Templates.Analyzer.Types.SourceLocation.Equals(Microsoft.Azure.Templates.Analyzer.Types.SourceLocation)">
            <summary>
            Compare with source location for equality
            </summary>
            <param name="sourceLocation"></param>
            <returns></returns>
        </member>
        <member name="M:Microsoft.Azure.Templates.Analyzer.Types.SourceLocation.GetHashCode">
            <summary>
            Gets the hashcode
            </summary>
            <returns></returns>
        </member>
        <member name="T:Microsoft.Azure.Templates.Analyzer.Types.TemplateContext">
            <summary>
            Contains all forms of an ARM template and information about the template
            </summary>
        </member>
        <member name="P:Microsoft.Azure.Templates.Analyzer.Types.TemplateContext.OriginalTemplate">
            <summary>
            The original template parsed into JSON
            </summary>
        </member>
        <member name="P:Microsoft.Azure.Templates.Analyzer.Types.TemplateContext.ExpandedTemplate">
            <summary>
            The template with resolved parameter/variable references and expressions
            </summary>
        </member>
        <member name="P:Microsoft.Azure.Templates.Analyzer.Types.TemplateContext.IsBicep">
            <summary>
            Whether this template was originally a Bicep file
            </summary>
        </member>
        <member name="P:Microsoft.Azure.Templates.Analyzer.Types.TemplateContext.BicepMetadata">
            <summary>
            Includes metadata from Bicep compilation (source map and module info)
            </summary>
        </member>
        <member name="P:Microsoft.Azure.Templates.Analyzer.Types.TemplateContext.TemplateIdentifier">
            <summary>
            A unique identifier for the template
            </summary>
        </member>
        <member name="P:Microsoft.Azure.Templates.Analyzer.Types.TemplateContext.IsMainTemplate">
            <summary>
            Whether this template is the top-level template in a deployment or nested within another template
            </summary>
        </member>
        <member name="P:Microsoft.Azure.Templates.Analyzer.Types.TemplateContext.ResourceMappings">
            <summary>
            Mapping between resources in the expanded template to their original resource in 
            the original template. Used to get line numbers.
            The key is the path in the expanded template with value being the path
            in the original template.
            </summary>
        </member>
        <member name="P:Microsoft.Azure.Templates.Analyzer.Types.TemplateContext.PathPrefix">
            <summary>
            Prefix of path to nested template properties/resources
            </summary>
        </member>
        <member name="P:Microsoft.Azure.Templates.Analyzer.Types.TemplateContext.ParentContext">
            <summary>
            Template context for the immediate parent template
            </summary>
        </member>
    </members>
</doc>
