<?xml version="1.0"?>
<doc>
    <assembly>
        <name>Microsoft.Azure.Templates.Analyzer.Utilities</name>
    </assembly>
    <members>
        <member name="T:Microsoft.Azure.Templates.Analyzer.Utilities.FieldContent">
            <summary>
            The content and properties of a given JToken field.
            </summary>
        </member>
        <member name="P:Microsoft.Azure.Templates.Analyzer.Utilities.FieldContent.Value">
            <summary>
            The Value of the JToken field.
            </summary>
        </member>
        <member name="M:Microsoft.Azure.Templates.Analyzer.Utilities.FieldContent.op_Implicit(Newtonsoft.Json.Linq.JToken)~Microsoft.Azure.Templates.Analyzer.Utilities.FieldContent">
            <summary>
            Operator to implicitly create a <c>FieldContent</c> from a JToken.
            </summary>
            <param name="value">The JToken to use as the field.</param>
        </member>
        <member name="T:Microsoft.Azure.Templates.Analyzer.Utilities.ISourceLocationResolver">
            <summary>
            An interface used for resolving line numbers in a document.
            </summary>
        </member>
        <member name="M:Microsoft.Azure.Templates.Analyzer.Utilities.ISourceLocationResolver.ResolveSourceLocation(System.String)">
            <summary>
            Find the source location of a path.
            </summary>
            <param name="path">The path describing the location in the document.</param>
            <returns>source location to path</returns>
        </member>
        <member name="T:Microsoft.Azure.Templates.Analyzer.Utilities.JsonPathResolver">
            <summary>
            An <c>IJsonPathResolver</c> to resolve JSON paths.
            </summary>
        </member>
        <member name="M:Microsoft.Azure.Templates.Analyzer.Utilities.JsonPathResolver.#ctor(Newtonsoft.Json.Linq.JToken,System.String)">
            <summary>
            Creates an instance of JsonPathResolver, used to resolve Json paths from a JToken.
            </summary>
            <param name="jToken">The starting JToken.</param>
            <param name="path">The path to the specified JToken.</param>
        </member>
        <member name="M:Microsoft.Azure.Templates.Analyzer.Utilities.JsonPathResolver.Resolve(System.String)">
            <summary>
            Retrieves the JToken(s) at the specified path from the current scope.
            </summary>
            <param name="jsonPath">JSON path to follow.</param>
            <returns>The JToken(s) at the path. If the path does not exist, returns a JToken with a null value.</returns>
        </member>
        <member name="M:Microsoft.Azure.Templates.Analyzer.Utilities.JsonPathResolver.ResolveResourceType(System.String)">
            <summary>
            Retrieves the JTokens for resources of the specified type
            in a "resources" property array at the current scope.
            </summary>
            <param name="resourceType">The type of resource to find.</param>
            <returns>An enumerable of resolvers with a scope of a resource of the specified type.</returns>
        </member>
        <member name="P:Microsoft.Azure.Templates.Analyzer.Utilities.JsonPathResolver.JToken">
            <inheritdoc/>
        </member>
        <member name="P:Microsoft.Azure.Templates.Analyzer.Utilities.JsonPathResolver.Path">
            <inheritdoc/>
        </member>
        <member name="T:Microsoft.Azure.Templates.Analyzer.Utilities.JsonSourceLocationResolver">
            <summary>
            An <see cref="T:Microsoft.Azure.Templates.Analyzer.Utilities.ISourceLocationResolver"/> used for resolving line numbers from an expanded JSON template to the original JSON template.
            </summary>
        </member>
        <member name="M:Microsoft.Azure.Templates.Analyzer.Utilities.JsonSourceLocationResolver.#ctor(Microsoft.Azure.Templates.Analyzer.Types.TemplateContext)">
            <summary>
            Create a new instance with the given <see cref="T:Microsoft.Azure.Templates.Analyzer.Types.TemplateContext"/>.
            </summary>
            <param name="templateContext">The template context to map JSON paths against.</param>
        </member>
        <member name="M:Microsoft.Azure.Templates.Analyzer.Utilities.JsonSourceLocationResolver.ResolveSourceLocation(System.String)">
            <summary>
            Given a JSON path in an expanded JSON template, find the equivalent line number
            in the original JSON template.
            </summary>
            <param name="pathInExpandedTemplate">The path in the expanded template
            to find the line number of in the original template.</param>
            <returns>The line number of the equivalent location in the original template,
            or 1 if it can't be determined.</returns>
        </member>
        <member name="T:Microsoft.Azure.Templates.Analyzer.Utilities.JTokenExtensions">
            <summary>
            This class is used to simplify accessing values in JTokens.
            </summary>
        </member>
        <member name="T:Microsoft.Azure.Templates.Analyzer.Utilities.JTokenExtensions.InsensitiveTokenContext">
            <summary>
            Helper class for InsensitiveTokens() method.
            Instances of this class are added to a queue, and as items
            are dequeued, the next element in the path is searched for
            in the context of the item.
            </summary>
        </member>
        <member name="F:Microsoft.Azure.Templates.Analyzer.Utilities.JTokenExtensions.InsensitiveTokenContext.Token">
            <summary>
            The current token found in this context.
            </summary>
        </member>
        <member name="F:Microsoft.Azure.Templates.Analyzer.Utilities.JTokenExtensions.InsensitiveTokenContext.ResolvedPath">
            <summary>
            The path segments resolved so far up to <see cref="F:Microsoft.Azure.Templates.Analyzer.Utilities.JTokenExtensions.InsensitiveTokenContext.Token"/>.
            </summary>
        </member>
        <member name="F:Microsoft.Azure.Templates.Analyzer.Utilities.JTokenExtensions.InsensitiveTokenContext.NextPathIndex">
            <summary>
            The next index of the path segments to look for.
            (The path segments are looked up in <see cref="M:Microsoft.Azure.Templates.Analyzer.Utilities.JTokenExtensions.InsensitiveTokens(Newtonsoft.Json.Linq.JToken,System.String,Microsoft.Azure.Templates.Analyzer.Utilities.InsensitivePathNotFoundBehavior)"/>.
            </summary>
        </member>
        <member name="M:Microsoft.Azure.Templates.Analyzer.Utilities.JTokenExtensions.InsensitiveToken(Newtonsoft.Json.Linq.JToken,System.String)">
            <summary>
            Finds a child JToken with the specified property name or JSON path.
            If a path is passed, each child in the path must be separated by '.'.
            JArray integer indexing is also supported.
            </summary>
            <param name="token">The JToken to search from</param>
            <param name="propertyNameOrPath">The property name or JSON path to search for</param>
            <returns>The named property, or the JToken at the end of the path, or null if not found.</returns>
        </member>
        <member name="M:Microsoft.Azure.Templates.Analyzer.Utilities.JTokenExtensions.InsensitiveToken(Newtonsoft.Json.Linq.JToken,System.String,Microsoft.Azure.Templates.Analyzer.Utilities.InsensitivePathNotFoundBehavior)">
            <summary>
            Finds a child JToken with the specified property name or JSON path.
            If a path is passed, each child in the path must be separated by '.'.
            JArray integer indexing is also supported.
            </summary>
            <param name="token">The JToken to search from.</param>
            <param name="propertyNameOrPath">The property name or JSON path to search for.</param>
            <param name="behaviorWhenNotFound">Behavior if property or path is not fully resolved.</param>
            <returns>The named property, or the JToken at the end of the path, if found.
            If not found, behavior is determined by <paramref name="behaviorWhenNotFound"/>.</returns>
        </member>
        <member name="M:Microsoft.Azure.Templates.Analyzer.Utilities.JTokenExtensions.InsensitiveTokens(Newtonsoft.Json.Linq.JToken,System.String)">
            <summary>
            Finds child JTokens at the specified JSON path. Each child in the path
            must be separated by '.'.  To select all children under an element, use
            '*' as a wildcard.  '*' must appear by itself with no other characters
            between the '.' characters in the path. JArray integer and '*' wildcard
            indexing are also supported.
            </summary>
            <param name="token">The JToken to search from.</param>
            <param name="path">The JSON path to search for.</param>
            <returns>
            A JToken for each fully resolved property found for the requested path.
            Many tokens could be returned if wildcards are present in the path.
            If the path cannot be completely resolved, null will be returned.
            </returns>
        </member>
        <member name="M:Microsoft.Azure.Templates.Analyzer.Utilities.JTokenExtensions.InsensitiveTokens(Newtonsoft.Json.Linq.JToken,System.String,Microsoft.Azure.Templates.Analyzer.Utilities.InsensitivePathNotFoundBehavior)">
            <summary>
            Finds child JTokens at the specified JSON path. Each child in the path
            must be separated by '.'.  To select all children under an element, use
            '*' as a wildcard.  '*' must appear by itself with no other characters
            between the '.' characters in the path. JArray integer and '*' wildcard
            indexing are also supported.
            </summary>
            <param name="token">The JToken to search from.</param>
            <param name="path">The JSON path to search for.</param>
            <param name="behaviorWhenNotFound">Behavior if path is not fully resolved.
            If <see cref="F:Microsoft.Azure.Templates.Analyzer.Utilities.InsensitivePathNotFoundBehavior.Null"/> is specified, and the
            path contains wildcards, only JTokens which fully match the specified path
            are returned; all other path 'branches' are discarded.</param>
            <returns>
            A JToken for each fully resolved property found for the requested path.
            Many tokens could be returned if wildcards are present in the path.
            If the path cannot be completely resolved, the JToken returned will be
            determined by <paramref name="behaviorWhenNotFound"/>.  If there are no wildcards
            in the path, and <paramref name="behaviorWhenNotFound"/> is <see cref="F:Microsoft.Azure.Templates.Analyzer.Utilities.InsensitivePathNotFoundBehavior.Null"/>,
            and the path was not resolved, a single null is returned.
            </returns>
        </member>
        <member name="M:Microsoft.Azure.Templates.Analyzer.Utilities.JTokenExtensions.AddAllChildrenToQueue(System.Collections.Generic.Queue{Microsoft.Azure.Templates.Analyzer.Utilities.JTokenExtensions.InsensitiveTokenContext},Microsoft.Azure.Templates.Analyzer.Utilities.JTokenExtensions.InsensitiveTokenContext)">
            <summary>
            Helper method for InsensitiveTokens().
            Adds all child properties of the token context to the queue to be processed later.
            For any child property which has a value of an array, all elements of the array
            are added to the queue.
            </summary>
        </member>
        <member name="M:Microsoft.Azure.Templates.Analyzer.Utilities.JTokenExtensions.AddAllJArrayElementsToQueue(System.Collections.Generic.Queue{Microsoft.Azure.Templates.Analyzer.Utilities.JTokenExtensions.InsensitiveTokenContext},Newtonsoft.Json.Linq.JArray,Microsoft.Azure.Templates.Analyzer.Utilities.JTokenExtensions.InsensitiveTokenContext)">
            <summary>
            Helper for InsensitiveTokens().
            Adds all elements of a JArray to the queue to be processed later.
            </summary>
        </member>
        <member name="M:Microsoft.Azure.Templates.Analyzer.Utilities.JTokenExtensions.EnqueueChildJToken(System.Collections.Generic.Queue{Microsoft.Azure.Templates.Analyzer.Utilities.JTokenExtensions.InsensitiveTokenContext},Newtonsoft.Json.Linq.JToken,Microsoft.Azure.Templates.Analyzer.Utilities.JTokenExtensions.InsensitiveTokenContext)">
            <summary>
            Helper for InsensitiveTokens().
            Adds a new child JToken to the queue to be processed later.
            </summary>
        </member>
        <member name="T:Microsoft.Azure.Templates.Analyzer.Utilities.InsensitivePathNotFoundBehavior">
            <summary>
            Used to control behavior of InsensitiveToken() extension when a property or path is not found.
            </summary>
        </member>
        <member name="F:Microsoft.Azure.Templates.Analyzer.Utilities.InsensitivePathNotFoundBehavior.Null">
            <summary>
            Returns null if the property is not found, or JSON path is not fully resolved.
            </summary>
        </member>
        <member name="F:Microsoft.Azure.Templates.Analyzer.Utilities.InsensitivePathNotFoundBehavior.Error">
            <summary>
            Throws an exception if the property is not found, or JSON path is not fully resolved.
            </summary>
        </member>
        <member name="F:Microsoft.Azure.Templates.Analyzer.Utilities.InsensitivePathNotFoundBehavior.LastValid">
            <summary>
            If the property is not found, or JSON path is not fully resolved, returns a reference to the last valid JToken in the path.
            </summary>
        </member>
    </members>
</doc>
